{
  "UserAgent": "MobileHub/1.0",
  "Version": "1.0",
  "CredentialsProvider": {
    "CognitoIdentity": {
      "Default": {
        "PoolId": "us-west-2:833dabc0-0a2e-4ebd-ad82-2f7d8c3fb6c3",
        "Region": "us-west-2"
      }
    }
  },
  "IdentityManager": {
    "Default": {}
  },
  "S3TransferUtility": {
    "Default": {
      "Bucket": "androidloginandregis-userfiles-mobilehub-323291210",
      "Region": "us-west-2"
    }
  },
  "PinpointAnalytics": {
    "Default": {
      "AppId": "b727288138154a6ea7a37fa1ce73bdb3",
      "Region": "us-east-1"
    }
  },
  "PinpointTargeting": {
    "Default": {
      "Region": "us-east-1"
    }
  },
  "UserFileManager": {
    "Default": {
      "Bucket": "androidloginandregis-userfiles-mobilehub-323291210",
      "Region": "us-west-2"
    }
  }
}