{
  "project_info": {
    "project_number": "255336273205",
    "firebase_url": "https://uploadimage-7903d.firebaseio.com",
    "project_id": "uploadimage-7903d",
    "storage_bucket": "uploadimage-7903d.appspot.com"
  },
  "client": [
    {
      "client_info": {
        "mobilesdk_app_id": "1:255336273205:android:f721e1b873804394",
        "android_client_info": {
          "package_name": "info.androidhive.loginandregistration"
        }
      },
      "oauth_client": [
        {
          "client_id": "255336273205-afm1im814cpkcctihiqk2m30fmc0se4n.apps.googleusercontent.com",
          "client_type": 3
        }
      ],
      "api_key": [
        {
          "current_key": "AIzaSyAXZqH3MOTgvifvTs4_-BaXHjrCAvgvBSo"
        }
      ],
      "services": {
        "analytics_service": {
          "status": 1
        },
        "appinvite_service": {
          "status": 1,
          "other_platform_oauth_client": []
        },
        "ads_service": {
          "status": 2
        }
      }
    }
  ],
  "configuration_version": "1"
}